{"count":1,"self":100.70190079999999,"total":102.9469755,"children":{"InitializeActuators":{"count":2,"self":0.0029992,"total":0.0029992,"children":null},"InitializeSensors":{"count":2,"self":0.0040003999999999994,"total":0.0040003999999999994,"children":null},"AgentSendState":{"count":4663,"self":0.10673389999999999,"total":0.276012,"children":{"CollectObservations":{"count":1866,"self":0.1316428,"total":0.1316428,"children":null},"WriteActionMask":{"count":1866,"self":0.00050999999999999993,"total":0.00050999999999999993,"children":null},"RequestDecision":{"count":1866,"self":0.0371253,"total":0.0371253,"children":null}}},"DecideAction":{"count":4663,"self":1.7050379999999998,"total":1.7215441999999999,"children":{"RayPerceptionSensor.Perceive":{"count":1866,"self":0.0165061,"total":0.0165061,"children":null}}},"AgentAct":{"count":4663,"self":0.23952199999999998,"total":0.23952199999999998,"children":null}},"gauges":{},"metadata":{"timer_format_version":"0.1.0","start_time_seconds":"1654875287","unity_version":"2022.1.1f1","command_line_arguments":"C:\\Program Files\\Unity\\2022.1.1f1\\Editor\\Unity.exe -projectpath C:\\Users\\PC\\Desktop\\RagdollTrainer -useHub -hubIPC -cloudEnvironment production -licensingIpc LicenseClient-PC -hubSessionId 7929ae50-e882-11ec-9f10-1d8ca13d2908 -accessToken nsLwbY-0RNJTq_dfonQdV3p0mIv3imqLeJnRVp4Ye1I001f","communication_protocol_version":"1.5.0","com.unity.ml-agents_version":"2.0.1","scene_name":"WalkerScene","end_time_seconds":"1654875390"}}