{"count":1,"self":75.4068992,"total":77.5954229,"children":{"InitializeActuators":{"count":2,"self":0.0050021,"total":0.0050021,"children":null},"InitializeSensors":{"count":2,"self":0.0080007,"total":0.0080007,"children":null},"AgentSendState":{"count":2586,"self":0.11687389999999999,"total":0.29646269999999997,"children":{"CollectObservations":{"count":1036,"self":0.13203979999999998,"total":0.13203979999999998,"children":null},"WriteActionMask":{"count":1036,"self":0.0050108999999999996,"total":0.0050108999999999996,"children":null},"RequestDecision":{"count":1036,"self":0.042538099999999995,"total":0.042538099999999995,"children":null}}},"DecideAction":{"count":2586,"self":1.6628052999999998,"total":1.6842856,"children":{"RayPerceptionSensor.Perceive":{"count":1036,"self":0.021480299999999997,"total":0.021480299999999997,"children":null}}},"AgentAct":{"count":2586,"self":0.19277249999999999,"total":0.19277249999999999,"children":null}},"gauges":{},"metadata":{"timer_format_version":"0.1.0","start_time_seconds":"1654111700","unity_version":"2022.1.1f1","command_line_arguments":"C:\\Program Files\\Unity\\2022.1.1f1\\Editor\\Unity.exe -projectpath C:\\Users\\PC\\Desktop\\RagdollTrainer -useHub -hubIPC -cloudEnvironment production -licensingIpc LicenseClient-PC -hubSessionId 156e09c0-e1a1-11ec-aadc-41c6ee10d172 -accessToken goYNsOEOHekK0qhefUVsQrwjmXej1Uv4fL79vzucVTk009f","communication_protocol_version":"1.5.0","com.unity.ml-agents_version":"2.0.1","scene_name":"WalkerScene","end_time_seconds":"1654111778"}}